Lead ID,Client Name,First Name,Last Name,Title,Company,Email,LinkedIn,Cold Email,Icebreaker,Verified,Exclusive,Created At,Delivered At
techhirepro-20250716-0001,TechHirePro,John,Smith,Marketing Director,TechCorp Solutions,john.smith@techcorp.com,https://linkedin.com/in/johnsmith,"Hi John,

As Marketing Director at TechCorp Solutions, securing top talent for your team is crucial for driving growth. I understand how challenging it can be to find the right people efficiently.

Our AI-powered lead generation service helps HR and hiring managers quickly identify and connect with top-tier candidates, sourced through advanced AI. This means faster access to the talent TechCorp needs to excel.

Would you be open to a quick 15-minute call next week to see how we could streamline your hiring?

Best,
AILeadGen","Hi John, I've been following TechCorp Solutions' growth and am impressed by your team's marketing initiatives. As Marketing Director, you must be busy driving that forward! I'd appreciate connecting to exchange insights. Hope you're having a great day.",✅,Yes,2025-07-16T22:41:44.605210,
techhirepro-20250716-0002,TechHirePro,Sarah,Johnson,VP of Sales,InnovateTech,sarah.johnson@innovatetech.com,https://linkedin.com/in/sarahjohnson,"Subject: Accelerate InnovateTech's Hiring, Sarah?

Hi Sarah,

As VP of Sales at InnovateTech, I imagine securing top-tier talent quickly is crucial for your team's success. Our AI-powered lead generation service helps companies like yours rapidly access highly qualified candidates, cutting down recruitment time significantly.

We specifically target the ideal profiles for your hiring managers and HR, ensuring a pipeline of top-tier talent.

Would you be open to a brief 15-minute call next week to explore how we can help InnovateTech build stronger teams faster?

Best,
AILeadGen","Hi Sarah, I've been following InnovateTech's impressive market presence. As a fellow professional focused on sales growth, I truly respect your VP of Sales role. Would be great to connect and potentially share insights.",✅,Yes,2025-07-16T22:41:55.263076,
techhirepro-20250716-0003,TechHirePro,Mike,Davis,CEO,StartupVenture,mike.davis@startupventure.com,https://linkedin.com/in/mikedavis,"Hi Mike,

I noticed you're the CEO at StartupVenture. We help teams like yours get access to top-tier candidates fast using AI-sourced leads.

Our clients typically see 3x faster hiring times and higher quality candidates. Would you be interested in a quick demo or a free sample list to start?

Best,
AILeadGen","Hi Mike, your role as CEO at StartupVenture caught my eye. It's inspiring to see the impact you're making in the startup ecosystem. I'd appreciate connecting with fellow leaders like yourself to learn more. Best,",✅,Yes,2025-07-16T22:41:59.696374,
techhirepro-20250716-0004,TechHirePro,Lisa,Brown,Head of Growth,ScaleUp Inc,lisa.brown@scaleup.com,https://linkedin.com/in/lisabrown,"Hi Lisa,

I noticed you're the Head of Growth at ScaleUp Inc. We help teams like yours get access to top-tier candidates fast using AI-sourced leads.

Our clients typically see 3x faster hiring times and higher quality candidates. Would you be interested in a quick demo or a free sample list to start?

Best,
AILeadGen",Saw you're doing great work at ScaleUp Inc — especially in hiring tech talent. Thought I'd reach out!,✅,Yes,2025-07-16T22:41:59.941726,
techhirepro-20250716-0005,TechHirePro,David,Wilson,CTO,DevSoft,david.wilson@devsoft.com,https://linkedin.com/in/davidwilson,"Hi David,

I noticed you're the CTO at DevSoft. We help teams like yours get access to top-tier candidates fast using AI-sourced leads.

Our clients typically see 3x faster hiring times and higher quality candidates. Would you be interested in a quick demo or a free sample list to start?

Best,
AILeadGen",Saw you're doing great work at DevSoft — especially in hiring tech talent. Thought I'd reach out!,✅,Yes,2025-07-16T22:42:00.178477,
techhirepro-20250716-0006,TechHirePro,Emma,Taylor,Product Manager,NextGen Apps,emma.taylor@nextgen.com,https://linkedin.com/in/emmataylor,"Hi Emma,

I noticed you're the Product Manager at NextGen Apps. We help teams like yours get access to top-tier candidates fast using AI-sourced leads.

Our clients typically see 3x faster hiring times and higher quality candidates. Would you be interested in a quick demo or a free sample list to start?

Best,
AILeadGen",Saw you're doing great work at NextGen Apps — especially in hiring tech talent. Thought I'd reach out!,✅,Yes,2025-07-16T22:42:00.420240,
techhirepro-20250716-0007,TechHirePro,Alex,Martinez,Sales Director,CloudTech,alex.martinez@cloudtech.com,https://linkedin.com/in/alexmartinez,"Hi Alex,

I noticed you're the Sales Director at CloudTech. We help teams like yours get access to top-tier candidates fast using AI-sourced leads.

Our clients typically see 3x faster hiring times and higher quality candidates. Would you be interested in a quick demo or a free sample list to start?

Best,
AILeadGen",Saw you're doing great work at CloudTech — especially in hiring tech talent. Thought I'd reach out!,✅,Yes,2025-07-16T22:42:00.630849,
techhirepro-20250716-0008,TechHirePro,Rachel,Anderson,Marketing Manager,DigitalFlow,rachel.anderson@digitalflow.com,https://linkedin.com/in/rachelanderson,"Hi Rachel,

I noticed you're the Marketing Manager at DigitalFlow. We help teams like yours get access to top-tier candidates fast using AI-sourced leads.

Our clients typically see 3x faster hiring times and higher quality candidates. Would you be interested in a quick demo or a free sample list to start?

Best,
AILeadGen",Saw you're doing great work at DigitalFlow — especially in hiring tech talent. Thought I'd reach out!,✅,Yes,2025-07-16T22:42:00.847860,
techhirepro-20250716-0009,TechHirePro,Tom,Garcia,Founder,MedTech Innovations,tom.garcia@medtech.com,https://linkedin.com/in/tomgarcia,"Hi Tom,

I noticed you're the Founder at MedTech Innovations. We help teams like yours get access to top-tier candidates fast using AI-sourced leads.

Our clients typically see 3x faster hiring times and higher quality candidates. Would you be interested in a quick demo or a free sample list to start?

Best,
AILeadGen",Saw you're doing great work at MedTech Innovations — especially in hiring tech talent. Thought I'd reach out!,✅,Yes,2025-07-16T22:42:01.074464,
techhirepro-20250716-0010,TechHirePro,Jennifer,Lee,VP Marketing,FinanceForward,jennifer.lee@financefwd.com,https://linkedin.com/in/jenniferlee,"Hi Jennifer,

I noticed you're the VP Marketing at FinanceForward. We help teams like yours get access to top-tier candidates fast using AI-sourced leads.

Our clients typically see 3x faster hiring times and higher quality candidates. Would you be interested in a quick demo or a free sample list to start?

Best,
AILeadGen",Saw you're doing great work at FinanceForward — especially in hiring tech talent. Thought I'd reach out!,✅,Yes,2025-07-16T22:42:01.313281,
