[
  {
    "id": 1,
    "name": "TechHirePro",
    "plan": "premium",
    "exclusive": true,
    "lead_count": 500,
    "email": "contact@techhirepro.com",
    "monthly_revenue": 499.0,
    "remaining_quota": 350,
    "created_at": "2024-01-15T09:00:00",
    "active": true
  },
  {
    "id": 2,
    "name": "GrowthEdge Solutions",
    "plan": "pro",
    "exclusive": false,
    "lead_count": 250,
    "email": "hello@growthedge.com",
    "monthly_revenue": 249.0,
    "remaining_quota": 175,
    "created_at": "2024-01-12T14:30:00",
    "active": true
  },
  {
    "id": 3,
    "name": "StartupWave",
    "plan": "basic",
    "exclusive": true,
    "lead_count": 100,
    "email": "team@startupwave.io",
    "monthly_revenue": 99.0,
    "remaining_quota": 65,
    "created_at": "2024-01-10T11:15:00",
    "active": true
  }
]
