{
  "john.smith@techcorp.com": "2025-07-16T22:42:01.910722",
  "sarah.johnson@innovatetech.com": "2025-07-16T22:42:01.910722",
  "mike.davis@startupventure.com": "2025-07-16T22:42:01.910722",
  "lisa.brown@scaleup.com": "2025-07-16T22:42:01.910722",
  "david.wilson@devsoft.com": "2025-07-16T22:42:01.910722",
  "emma.taylor@nextgen.com": "2025-07-16T22:42:01.910722",
  "alex.martinez@cloudtech.com": "2025-07-16T22:42:01.910722",
  "rachel.anderson@digitalflow.com": "2025-07-16T22:42:01.910722",
  "tom.garcia@medtech.com": "2025-07-16T22:42:01.910722",
  "jennifer.lee@financefwd.com": "2025-07-16T22:42:01.910722"
}